word,meaning,pronunciation
above,"Above means higher than or overhead. On the fourth of July, many Americans like 
to sit on the ground and watch fireworks above them in the sky.",/əˈbʌv/
accept,"Please accept (""favorably receive"") our apologies, but you're just going to have to accept (""put up with"") the fact that this verb has almost a dozen different 
meanings.",/əkˈsept/
according,"If someone says, ""according to the weather man, it's going to rain,"" that means that the weather man 
is the source of the information.",əˈkɔːdɪŋ
account,"An account can be many things — such as a story, like if you give a friend an account of what happened at the party she missed. It can also be a business 
arrangement, like a bank account or an email account.",/əˈkaʊnt/
across,"Across describes something that's situated on the opposite side or the direction 
you have to go to get from one side to another.",/əˈkrɒs/
action,"An action is a thing that is done, and not merely thought or spoken about. Possible actions could range from blinking to invading a country.",/ˈækʃ(ə)n/
add,"When you add, you join two or more things together. If you add on to your summer cottage, you build an extra room that's connected to 
your existing house.",/æd/
address,"When you are a student and you want to address your teacher, it's generally safer to call her Ms. and not address her by her first name, Esmeralda.",/əˈdres/
advantage,"An advantage is like a head start in a race; it's that thing that gives you a better 
chance.",/ədˈvɑːntɪdʒ/
advice,"Advice is a suggestion about what to do. If you just can't decide between the 
pecan pie and the chocolate torte, ask the waiter for his advice.",/ədˈvaɪs/
afford,"To afford means you have enough money or time for something. If you only have ten 
dollars on you, you can't afford to buy a twenty-dollar hat.",/əˈfɔː(r)d/
afternoon,"The afternoon is the time of day that starts mid-day and ends in the evening. If you 
have an afternoon appointment, it's probably some time between 12:00 and 5:00 p.m.",/ˌɑːftə(r)ˈnuːn/
age,"Your age is the number of years you've been alive. If your cat is six, you can say 
that he's ""six years of age.""",/eɪdʒ/
agent,"When you're buying a house or negotiating your break-out movie contract, 
it's a good idea to hire an agent to represent you — someone who can keep a cool head and get the best deal 
for you.",/ˈeɪdʒ(ə)nt/
ahem,"Use the interjection ahem when you want to get someone's attention in a low-key way. If a class is 
being noisy, the teacher may say, ""Ahem, class. Let's turn our attention to the periodic table of the elements 
now.""",/əˈhem/
allow,"If you allow your best friend to read your diary, it means you've given him permission 
to do it.",/əˈlaʊ/
allowed,"If you allow your best friend to read your diary, it means you've given him permission 
to do it.",əˈlaʊd
Amber,Amber is a brownish yellow color. Many cats have green eyes but those with amber eyes are likely to have yellow or white fur.,/ˈæmbə(r)/
American,Anything (or anyone) that comes from the United States is American. The American people hold a presidential election every four years.,/əˈmerɪkən/
apologize,"When you apologize you admit that you did something wrong, and you say you’re sorry. The 
point of apologizing is usually to clear the slate and explain why you did what you did.",/əˈpɒlədʒaɪz/
apparently,"Apparently is an adverb meaning ""evidently"" or ""obviously."" After his sixth hot dog, 
you might say to your friend, ""Well! Apparently somebody was hungry!""",/əˈpærəntli/
appointment,"An appointment is a preset arrangement to meet, like a dentist’s appointment, an appointment with your accountant, or an appointment to have your palm read.",/əˈpɔɪntmənt/
area,"The area is a part of a place, usually defined by a function. If you can't stop 
talking, don't sit in the quiet area of the library.",/ˈeəriə/
arm,"An arm is a limb on the upper part of a person's body. You can call the front 
limb of any animal an arm, though they're more often called ""legs.""",/ɑː(r)m/
arms,"Arms are weapons. If a rebel group starts acquiring arms, it becomes a clear threat to its opponents.",/ɑː(r)mz/
army,"An army is an organized group of fighters, especially a country's official 
military force. When a country goes to war, it sends an army to fight.",/ˈɑː(r)mi/
arrest,"To arrest someone is to put them in custody for breaking the law. If you face arrest, your criminal activities will be ""at rest"" because you'll be behind bars, 
or in jail.",/əˈrest/
arrested,"To arrest someone is to put them in custody for breaking the law. If you face arrest, your criminal activities will be ""at rest"" because you'll be behind bars, 
or in jail.",əˈrestɪd
art,"Art is the expression of ideas and emotions through a physical medium, like 
painting, sculpture, film, dance, writing, photography, or theatre. If you 
love the creative process, maybe you'll devote your life to art.",/ɑː(r)t/
asleep,"If you're asleep, you're not awake and reading this. A baby might find it hard to fall asleep without being held and rocked.",/əˈsliːp/
assume,"Assume isn't only used to mean ""accept as truth without checking""; it also means 
""take on the form of."" It might be safer if you don't assume that the vampire standing in front of you isn't merely a person assuming that form.",/əˈsjuːm/
attack,"When you attack, you charge or advance violently. It's scary to watch a big dog attack a smaller dog.",/əˈtæk/
attitude,"An attitude is somewhere between a belief, a stance, a mood, and a pose. If you've got 
an attitude about something, it can be hard to change it because you think you're 
right.",/ˈætɪˌtjuːd/
attorney,"An attorney is a lawyer. Attorneys sue people, defend people, and serve as experts on the law.",/əˈtɜː(r)ni/
aware,"To be aware means to know about. If you're aware of a sled zooming towards you, move! And if you’re aware that the other kids wish they had sleds, share yours. That’s being 
socially aware. Well done.",/əˈweə(r)/
awful,"Describe something that is exceptionally bad as awful, but be careful: Saying your mom's cooking is awful may be truthful, but it's also likely to get you a frying pan upside the 
head.",/ˈɔːf(ə)l/
babies,"A baby is the one wearing diapers and a pacifier in her mouth. That baby is so darn lovable, however, that the word is perhaps overused to describe 
anyone or anything you feel passionately about.",ˈbeɪbiz
bag,"A bag is a lightweight, flexible container meant for carrying things. A grocery bag is one you bring home from the supermarket full of food.",/bæɡ/
ball,"Always round, often bouncy, a ball is a vital part of many games and sports, from soccer to four square to 
ping pong.",/bɔːl/
band,"A band is a narrow strip of fabric or some other material, like the head band a little girl wears in her hair. When a patient is admitted to a hospital, 
she gets a plastic wrist band with her name on it.",/bænd/
bank,"Unless you hide it under your mattress, you probably keep your money in a bank, or a business that stores and invests money.",/bæŋk/
barely,"Something barely there is hardly there at all. If there are barely any leaves on the trees, then winter is right around the corner.",/ˈbeə(r)li/
bastard,"Bastard used to be a not nice thing you called a child whose parents weren't 
married. But now it's a more general insult hurled toward a jerk or bad 
person. Bastard can also simply mean ""fraudulent.""",/ˈbɑːstə(r)d/
beach,"You know that wide, flat patch of sand that leads down to the sea, or maybe 
even the lake? That's a beach, one of the most beautiful places in the world. During a long, stormy 
winter, a beach can erode and move.",/biːtʃ/
bear,"To bear is to carry or endure, whether by physical or mental force. If you can bear to read on, you'll find out all the different ways to use the word bear.",/beə(r)/
beauty,"Ah, beauty. Anything that has it pleases the senses, like a delicious scent, a 
perfect piece of pie, or a gorgeous person walking by.",/ˈbjuːti/
bedroom,"A bedroom is a room in a house for the bed, so it’s mainly used for sleeping. If you 
live in a one-bedroom apartment, it has exactly one room for the bed. To sound old fashioned, 
call it your bedchamber.",/ˈbedruːm/
beer,"Beer is an alcoholic drink usually made from barley and hops. A beer is a can or pint of the stuff. Too much beer can make people, often college students, wear lampshades as hats or dance 
like chickens. Cheers!",/bɪə(r)/
beg,"To beg is to ask for something in an earnest, pleading way. You might beg your roommates to be quiet if you're desperately trying to get some sleep.",/beɡ/
begin,"To begin is to start. When it begins to snow, every flake looks pretty, drifting gently down from the dark sky.",/bɪˈɡɪn/
beginning,"The beginning is the first part or section of something, or the place where it starts. 
You watch the opening credits at the beginning of a movie.",/bɪˈɡɪnɪŋ/
behavior,"Behavior refers to how you conduct yourself. Generally, it’s wise to engage in good behavior, even if you're really bored.",/bɪˈheɪvjə(r)/
belle,"A belle is a young woman singled out for being more attractive and charming than 
other women, as in the phrase belle of the ball. Cinderella was the belle of the ball, at least until midnight.",/bel/
belle,Loading...,/bel/
belong,"Things that belong to you are your property — in other words, you own them. Your prized rock 
collection belongs to you.",/bɪˈlɒŋ/
beyond,"Beyond is an adverb that means “in addition” or “farther along."" If you’re headed 
to the silo beyond the barn, that means you’re going to the silo that’s on the far side of 
the barn.",/bɪˈjɒnd/
biggest,Something big is just plain large or important. A big class has a lot of kids. A big room is larger than average. A big newspaper story is one that makes the front page.,ˈbɪɡɪst
bird,"A bird is an animal with wings, feathers, and two legs. Birds, from chickens to crows, are also warm-blooded and lay eggs.",/bɜː(r)d/
blew,"To blow is to create a burst or puff of air. When chilly breezes start to blow, it's time to close your windows.",/bluː/
blind,"Someone who's blind can't see. People who are blind can often get around easily with the aid of a cane and sometimes a service 
dog.",/blaɪnd/
bloody,"Something that's bloody is stained or covered with blood, like a bloody nose. In British slang, bloody means something like “very.” That’s bloody brilliant!",/ˈblʌdi/
blow,"To blow is to create a burst or puff of air. When chilly breezes start to blow, it's time to close your windows.",/bləʊ/
blue,"Among other things, blue is a color and a dreary mood. If the blue sky and ocean have turned gray and stormy, you might be blue because your day at the beach is ruined.",/bluː/
blue,Loading...,/bluː/
board,"A board is a plank or surface, sometimes having buttons or controls. You can cut 
vegetables on a cutting board, post a flyer on a bulletin board, or cause a power outage on a circuit board.",/bɔː(r)d/
boat,"A boat is a water craft, a vessel that floats and can be propelled through the 
water. If you buy a private island, you'll need a boat to get there.",/bəʊt/
Bob,"To bob is to dip up and down, the way something does when it floats on the 
surface of water. A lobster buoy bobs in the ocean, marking the spot where a lobsterman's trap is set.",/bɒb/
books,"For a lot of kids, ""Harry Potter and the Sorcerer's Stone"" was their first 
experience of really falling in love with a book, or a collection of printed words or illustrations bound together.",bʊks
boring,"As an adjective boring describes something (or someone) that is tedious, dull, and lacking in 
interest. As a noun, boring refers to the act of drilling a hole, or the hole itself.",/ˈbɔːrɪŋ/
born,"When a baby is born, she comes into the world through birth. If you say, ""I was born in July,"" that's the month in which your mother gave birth to you.",/bɔː(r)n/
boss,"A boss is an authority figure, often the person who tells you what to do at work. 
If you work as a waiter, your boss might be the restaurant manager.",/bɒs/
bother,"The word bother has many shades of meaning, but most of them involve trouble of some sort. 
You might wonder why you should bother to follow a recipe, until you taste what you've made without one.",/ˈbɒðə(r)/
bottle,"A bottle is a container, often made of glass, that gets narrower toward the top. 
You can choose to buy soda in cans or bottles.",/ˈbɒt(ə)l/
bottom,"The bottom of something is its underside, or lowest point. You might practice 
swimming by diving to the bottom of a swimming pool to retrieve pennies.",/ˈbɒtəm/
bought,"When you buy something, you pay money in order to own or obtain it. You might buy your mom a big bouquet of flowers for her birthday.",/bɔːt/
brain,"The brain is the most complex organ in the body, located inside the protective 
skull. The word can also be used as a verb in the phrase ""to brain,"" which means to injure or kill someone by hitting them in the head.",/breɪn/
breath,"Breath is the process of taking air in and out of your lungs. It’s also the air 
you inhale and exhale, or a slight movement of air, like a breeze.",/breθ/
breathe,"When you breathe you take air into your lungs and let it out in a regular rhythm. Living 
things need to breathe to live.",/briːð/
bright,"After a long, gray winter, it's hard to remember what a bright, sunny day is like. Bright means shining with light.",/braɪt/
brilliant,"Brilliant describes something super bright, like intense lights at a football 
stadium, a super sparkly diamond, or the student who graduates from Harvard 
at age 13.",/ˈbrɪljənt/
brings,To bring something is to carry or convey it somewhere. A trained dog will bring back a stick.,brɪŋz
brown,"Brown is the color an artist gets by mixing yellow, red, and blue. Chocolate, 
dark wood, roasted coffee beans, and old-fashioned photographs are all 
various shades of brown.",/braʊn/
build,"To build is to construct or make something. When you build a house, you start at the very bottom, with the foundation, and work your 
way up.",/bɪld/
bunch,"A group or cluster of something is a bunch. It could be a bunch of people or a bunch of grapes. If you pick a bunch of bananas, you might end up being followed by a bunch of monkeys.",/bʌntʃ/
burn,"When things burn, they're on fire. People who live in the country sometimes burn leaves and brush, setting big piles alight until they're reduced to ash.",/bɜː(r)n/
bus,"A bus is a long vehicle with many seats. An elementary school student might save 
a seat on the school bus each morning for her best friend.",/bʌs/
butt,"Your butt is your buttocks, your tush, your rear end. Saying butt is more childish than offensive.",/bʌt/
cake,"A cake is a baked dessert that's often topped with frosting or decorations. For 
many people, it's not a proper birthday without a birthday cake.",/keɪk/
camera,"A camera records images in the form of photographs, film or video. If you want 
evidence that you've spotted Bigfoot in the woods behind your house, you'll 
need a camera.",/ˈkæm(ə)rə/
candy,"Candy is a sugary sweet treat. Halloween is partly about dressing up in 
costumes, but mostly it's about the candy.",/ˈkændi/
capable,"To be capable of something is to be able to do it, like your little brother who is 
perfectly capable of tying his own shoes, but likes having everyone else do it for him.",/ˈkeɪpəb(ə)l/
captain,A captain is the person in charge of a group. The captain of a high school soccer team is usually an elected or appointed leader.,/ˈkæptɪn/
card,"A card is a thick, often square or rectangular piece of paper. A schmoozer might 
hand you a business card, or you might send your mom a Mother’s Day card, or perhaps you’ll play poker with a deck of cards.",/kɑː(r)d/
career,"You may have to take jobs as a dog walker, cat groomer, and fish feeder 
before you complete school for a career as a veterinarian. Small jobs in the short term give you experience for a 
long-term career.",/kəˈrɪə(r)/
carry,"When you carry something, you hold it and take it somewhere. When you live in a walk-up 
apartment, you have to carry bags of groceries up several flights of stairs.",/ˈkæri/
carrying,"When you carry something, you hold it and take it somewhere. When you live in a walk-up 
apartment, you have to carry bags of groceries up several flights of stairs.",/ˈkæriɪŋ/
cash,"Cash is money. If you've got extra cash in your pocket, you can put a dollar in the tip jar when you buy a cup of 
coffee.",/kæʃ/
cat,"What's another name for the four-legged feline that lies around on your 
keyboard all day and purrs? You might call it “Fluffy,” but it’s also known 
as a cat.",/kæt/
caused,"A cause makes an effect, and you're likely to hear the phrase ""cause and effect"" when people are trying to analyze how things happen.",kɔːzd
celebrate,"To celebrate means to mark a special day, event, or holiday. You might celebrate a birthday, a religious holiday, or even the anniversary of a famous 
battle.",/ˈseləˌbreɪt/
cell,"Cell has several different meanings, but all of them are similar. Whether it's 
in a prison or in your blood (or even in the political landscape), a cell is a small room, space, or unit.",/sel/
center,"Whether you are the center of attention or hanging out at the recreation center, you are in the 
middle of it all.",/ˈsentə(r)/
chair,"A chair is a seat with four legs and a back to lean against. When you invite a 
large group for dinner, you have to make sure you find chairs for all of your guests.",/tʃeə(r)/
champagne,"Champagne is a bubbly white wine that people often drink to celebrate happy 
occasions. When you pull the cork out of a bottle of champagne, it makes a loud pop.",/ˌʃæmˈpeɪn/
chances,A chance is a possibility — but it's not a sure thing. There could be a chance of rain today or a chance you'll be the lead in the school play.,ˈtʃɑːnsɪz
chances,Loading...,ˈtʃɑːnsɪz
changes,Is it just not the same anymore? Then there must have been a change. The noun change can refer to any thing or state that is different from what it once was.,ˈtʃeɪndʒɪz
character,"When Martin Luther King, Jr. said he looked forward to the day when all 
Americans would be judged solely ""by the content of their character,"" he was talking about a person's essential qualities.",/ˈkærɪktə(r)/
charge,"Charge can mean electricity received, as in the shock you’d feel if you put your 
finger in a wall socket. Charge is also what you do when you use your credit card instead of cash. 
Shopping can be electrifying too.",/tʃɑː(r)dʒ/
charges,"Charge can mean electricity received, as in the shock you’d feel if you put your 
finger in a wall socket. Charge is also what you do when you use your credit card instead of cash. 
Shopping can be electrifying too.",ˈtʃɑːdʒɪz
checking,"Check: Small word, loads of different meanings. One of the most common is ""to 
inspect or verify."" You might check the oven to see if your cookies are done.",ˈtʃekɪŋ
checking,Loading...,ˈtʃekɪŋ
cheese,"Cheese is a dairy product that's made from milk solids. Many delicious foods are 
made even more delicious with melted cheese, including pizza and nachos.",/tʃiːz/
chicken,"A chicken is a domesticated bird that is raised on farms for meat or eggs. Many 
cities allow people to keep a few chickens in their yards as pets and egg layers.",/ˈtʃɪkɪn/
chief,"A chief is a leader, often of a tribe or clan. Sometimes we call the president our 
""commander in chief.""",/tʃiːf/
chocolate,"Chocolate needs little introduction or definition — it is world famous as a candy, 
dessert ingredient, hot drink, holiday gift, flavor, and common craving.",/ˈtʃɒklət/
choose,"The hardest part of adopting a dog from a shelter is when you have to choose which one to bring home with you. When you pick out one pup from the mass 
of barking canines, that's the dog you choose.",/tʃuːz/
church,"A church is where you go for a public religious service. On Easter, some people go 
to church to pray.",/tʃɜː(r)tʃ/
clearly,"Things that are done clearly can be easily understood. If you've clearly explained the rules before you start playing, your friends will have more 
fun and ask you fewer questions.",/ˈklɪə(r)li/
client,"If you pay for something, you are a client. If you pay to get your dog groomed, you are a client of the dog groomer (and so is your pooch).",/ˈklaɪənt/
closed,"If something's closed, it's shut or sealed. When your brother's bedroom door is closed, you'd better knock; if the library's closed, you'll have to come back tomorrow to check out some books.",/kləʊzd/
clue,"A clue is a piece of evidence that helps solve a problem, or it's a slight hint. 
When you’re in the dark about the surprise party your friends are planning, 
they'll say, “She doesn’t have a clue!”",/kluː/
coat,"A coat is a warm piece of clothing you wear when it's cold outside. When the days 
get short and chilly, it's probably time to start wearing your puffy winter coat.",/kəʊt/
code,"A code can be a set of principles. Our laws make up our legal code, and many people govern themselves through a personal ""code of honor."" Code can also mean a system for sending secret messages, or programming 
language for computers.",/kəʊd/
colonel,"A colonel is a commissioned military officer in the U.S. Army, Air Force, or Marines 
who ranks above a lieutenant colonel and below a brigadier general.",/ˈkɜːn(ə)l/
color,"You may think the word color just means blue, pink, and the like, but the word can also refer to 
something of interest, especially of culture or behavior. If you want to 
see some local color in an Irish town, you should head to the pub where all the locals hang out.",/ˈkʌlə(r)/
comfortable,"The adjective comfortable describes something that makes you feel relaxed, like a comfortable couch that makes you want to curl up on it and take a nap.",/ˈkʌmftəb(ə)l/
common,"When something's common, it's usual, or it happens frequently. It's more common than you might think for little kids to be terrified of clowns.",/ˈkɒmən/
complete,"Complete means that something is finished, or has all of its necessary parts. When 
the mechanic hands you your keys, you hope that the work on your car is complete, and he hasn't left out a few important pieces of your engine.",/kəmˈpliːt/
complicated,"When things get complicated, they are no longer simple and straightforward. If you are asked a 
question that would require a long, detailed answer, you might just say, 
""It's complicated.""",/ˈkɒmplɪˌkeɪtɪd/
computer,"Unless you're living in a cave cut off from humanity, you've seen these 
electronic machines with a screen, keyboard, and brain that stores massive 
amounts of information. Computers are ubiquitous in offices, airports, schools...even caves cut off from 
humanity.",/kəmˈpjuːtə(r)/
concern,"Concern is both a noun and a verb. As a noun it's something that you find 
particularly important. If you love pizza, getting the crust just so is a 
major concern during your pizza party.",/kənˈsɜː(r)n/
condition,"A medical problem or illness can be referred to as a condition. Your skin condition isn't contagious, but it still looks bad — scabby and scaly. You won't 
even need makeup to dress as a zombie for Halloween.",/kənˈdɪʃ(ə)n/
confused,"If you are confused about something, you can't think clearly. If your new friend keeps 
impossibly showing up in different outfits, you'll be confused until you discover she has an identical twin.",/kənˈfjuːzd/
congratulations,"Kudos, ""well-done,"" and other words of praise are forms of congratulations, or an expression of approval and acclaim.",kənˌɡrætʃʊˈleɪʃn̩z
connection,"The word connection is good for talking about the way things relate to each other. Your 
special connection to your cousin might have something to do with your mutual love for 
science fiction and barbecue.",/kəˈnekʃ(ə)n/
consider,"Consider is a verb that simply means to think about, look at, or judge. Consider, for a moment, the perks of house sitting for your pool-owning neighbors 
before you immediately refuse their request.",/kənˈsɪdə(r)/
considering,"Consider is a verb that simply means to think about, look at, or judge. Consider, for a moment, the perks of house sitting for your pool-owning neighbors 
before you immediately refuse their request.",/kənˈsɪdərɪŋ/
contact,"Contact is the act of touching or communicating with someone or something else. 
The question increasingly isn't whether there is other life in the 
universe, but how on earth we will ever make contact with it.",/ˈkɒntækt/
continue,"To continue an activity is to keep it going, either with or without interruption. If 
you ask the newspaper to continue delivering your paper while you are on vacation, you want to receive all 
the news while you’re away.",/kənˈtɪnjuː/
conversation,"A conversation occurs when people talk to each other, like a conversation with your friend about school or professional basketball.",/ˌkɒnvə(r)ˈseɪʃ(ə)n/
convince,"""How again was it that you convinced me to do this?"" the boy said to his friend before they jumped out of the 
plane on their first sky dive. Convince means to talk someone into something, or win someone over.",/kənˈvɪns/
convinced,"If you're convinced that the moon is made of cheese, then you completely believe the moon is 
made of cheese. Let's hope you're not easily convinced of such silly things!",/kənˈvɪnst/
cop,"A cop is a police officer. If you realize you're speeding in a school zone, you 
might look around nervously, hoping you won't see a cop.",/kɒp/
copy,"A copy is a reproduction of something — it looks identical to the original. You 
might ask your sister to make a copy of your nephew's adorable painting so you can hang it on your fridge.",/ˈkɒpi/
corner,"Corners are everywhere. Two perpendicular lines form a corner. Rooms and streets have corners too. If a child misbehaves in class, the teacher might make him stand in 
the corner.",/ˈkɔː(r)nə(r)/
correct,"When something is true, legitimate or right, you can say it's correct, using the word as an adjective. It can also be a verb; to correct wrong answers is to adjust them to make them right.",/kəˈrekt/
cost,The cost of something is how much money you need to spend on it. The high cost of a fancy coffee drink might surprise you.,/kɒst/
couch,"A couch is a sofa — an upholstered piece of furniture that seats more than one 
person. It's nice to have a couch that's big enough for your whole family to sit on while you watch TV.",/kaʊtʃ/
cousin,"If Aunt Sally has a kid, that kid is your cousin, and if Aunt Sally's kid has a kid, and you have a kid too, then your kid 
and Sally's kid's kid are second cousins.",/ˈkʌz(ə)n/
crap,"Crap is a versatile word, usually meaning feces, stuff, or garbage. It's 
definitely slang but not really obscene.",/kræp/
crash,"Boom! Bam! Pow! A crash is when two things collide, or smash, into each other. Crash and smash have similar meanings and sounds.",/kræʃ/
cream,"Cream is the part of milk that's especially rich, creamy, and fatty. Many people 
like to add cream to their coffee.",/kriːm/
credit,"The word credit can have many meanings — from giving someone the recognition they deserve, 
to providing goods or services for payment that comes at a later date.",/ˈkredɪt/
crime,"Something that's against the law is a crime. If your friend shoplifts clothes from a store, you'll be disappointed 
because you know that stealing is a serious crime.",/kraɪm/
criminal,"A criminal is someone who breaks the law. If you're a murderer, thief, or tax cheat, 
you're a criminal.",/ˈkrɪmɪn(ə)l/
cross,"When you cross something, you travel over it — like when you cross the street, after looking both ways and using the crosswalk, of course.",/krɒs/
cup,"A cup is a vessel used for drinking. Your grandmother might make it a habit 
never to go to bed without a cup of warm milk.",/kʌp/
curious,"If you’re curious, you really want to know something — like the secret ingredient that makes 
these cookies so crunchy. You may wish you hadn’t been so curious when you find out it’s roasted crickets.",/ˈkjʊəriəs/
custody,"When you are legally responsible for another person, they are in your custody. Most parents have custody over their children.",/ˈkʌstədi/
dad,"Dad is an informal word for father. It’s a word like ""pop"" or ""daddy."" Some 
families have two dads, others have none. Sometimes a dad gets a “World’s Greatest Dad” mug on Father’s Day. Well done, sir.",/dæd/
damage,"When you damage something you hurt it in a way that makes it less valuable or useful. Say 
you throw a baseball and it flies over your friend's head and cracks your 
dad's windshield. Congratulations, you've damaged your dad's car.",/ˈdæmɪdʒ/
danger,"When you're in danger, it seems likely that you might get hurt. Your mom might warn you that if 
you don't wear your bicycle helmet, you're in danger of getting injured.",/ˈdeɪndʒə(r)/
dangerous,"Use the word dangerous to describe anything that can potentially cause serious harm, like a 
snarling pit bull or an icy, treacherous road.",/ˈdeɪndʒərəs/
dare,"When you challenge or provoke someone to try something risky, it's a dare. If you accept a dare, you're probably trying to prove how brave you are.",/deə(r)/
deacon,"In many Christian faiths, a deacon is an assistant to the minister or priest. If you're a deacon in the Catholic church, you can perform marriage ceremonies and baptize 
babies.",/ˈdiːkən/
dean,"A dean is the head of a specific area of a college, university, or private 
school. When you're thinking about studying in Madagascar for a semester, 
you might make an appointment to talk to the study abroad dean.",/diːn/
decide,"To decide is to make up your mind to do (or not do) something. People decide hundreds of things a day, from what to eat to what TV shows to watch.",/dɪˈsaɪd/
deep,"How deep a body of water is can be measured from the surface of water to the 
bottom. You should always be sure you know how deep a swimming pool is before demonstrating your backward somersault dive.",/diːp/
defense,"Defense has to do with protecting something or fighting against an opponent, 
whether it's national defense, a football team's defense, or a defense lawyer.",/dɪˈfens/
demon,"A demon is an evil, mythical monster or spirit. Stories about demons are featured in a variety of different religious traditions.",/ˈdiːmən/
department,"A department is one section or part of a larger group, like a company or a school. The 
philosophy department of a university is just one of many, including English, math, and 
sociology.",/dɪˈpɑː(r)tmənt/
desk,"The flat-surfaced piece of furniture at which you sit and work, write, or 
use your computer is called a desk. Some offices have a desk for each employee.",/desk/
desperate,"Desperate means ""having lost all hope."" If you are desperate for food, it means you are starving, possibly about to die. If you are in 
a desperate situation, it means things are really, really bad.",/ˈdesp(ə)rət/
destroy,"When your little brother breaks your carefully constructed Lego village 
into its tiny parts, he destroys it. To destroy is to completely demolish.",/dɪˈstrɔɪ/
detective,"Whether it's a police detective who investigates crimes or a private detective hired to find a missing person, a detective is someone whose job is to find out hard-to-get information.",/dɪˈtektɪv/
difference,"Difference is a word for things that are not the same. Identical twins have few if 
any differences in appearance.",/ˈdɪfrəns/
difficult,"If something is difficult, it requires physical effort or brain power to complete, like climbing 
Mount Everest, a difficult journey.",/ˈdɪfɪk(ə)lt/
dirty,"Things that aren't clean are dirty. The greasy pans in your sink, your muddy shoes, your smelly dog, your 
strange uncle's jokes — all of these things are dirty.",/ˈdɜː(r)ti/
discuss,To discuss is to talk: but with a more serious intent. Discussing is a lot more substantial than chatting.,/dɪˈskʌs/
divorce,"A divorce is a formal ending of a marriage. It’s more permanent than a separation 
and involves a legal process. If you get a divorce, that means the marriage is officially over.",/dɪˈvɔː(r)s/
doctors,"You see doctor, and you think of someone doing good — like the medical doctor who saves lives. However, a person who doctors or tampers with a document is adding something wrong or harmful to it, 
like a lie.",ˈdɒktəz
dollar,"Kaching! A dollar is a unit of currency or money. The United States, Canada, and Australia 
all use the dollar. The symbol for a dollar is $. If you say someone worships the all mighty dollar, that means they’re greedy.",/ˈdɒlə(r)/
double,"Something is double if it has two parts or if there are two versions of it. If you order a double dip ice cream cone, there will be two scoops of ice cream for you to lick.",/ˈdʌb(ə)l/
doubt,"Doubt is distrust or suspicion. When your kid sister explains that a robber 
broke in and ate your entire chocolate stash, most likely you feel doubt.",/daʊt/
downstairs,"Something that's downstairs is located below you, down at least one flight of stairs on a lower floor. 
Your downstairs bathroom is the one on the first floor of your house.",/ˌdaʊnˈsteə(r)z/
drag,"To drag something means to physically pull it, like when you drag your sofa to the other side of the living room in order to get a better 
view of the TV.",/dræɡ/
dreams,"A dream is one of the little movies in your mind that play at night, or a type of 
hope: you might dream of being a doctor.",driːmz
dropped,"When you drop something, you let go of it and it falls. To drop a football is every receiver's nightmare. If you decide to drop your girlfriend or boyfriend, it will be their nightmare.",drɒpt
drug,"A drug is a medicine. Before you travel to India, your doctor may prescribe a drug to protect you from getting malaria.",/drʌɡ/
drunk,"If you consume so much alcohol that you become inebriated, you are drunk. If you do it too often, you may become a drunk, which is another, blunter, word for ""alcoholic.""",/drʌŋk/
dry,"Things that are dry lack moisture. A desert or a dessert can be dry. If your eyes are dry, you’ve stopped crying. It’s also a flavor that means the opposite of 
sweet.",/draɪ/
due,"Things that are due are owed — it's time to come up with them. Loans, library books, and 
school assignments usually have a due date.",/djuː/
dumb,"Today, most of the time someone or something is described as dumb when it shows a lack of thought, like your dumb idea of wearing flip-flops in a snowstorm.",/dʌm/
duty,"When you've done your duty, you've done what you're supposed to and met your responsibilities. Your 
sense of duty as a citizen might compel you to vote; it might also keep you from voting 
twice.",/ˈdjuːti/
dying,"Something that's dying is about to die or is getting ready to stop existing. A shriveled up plant 
that hasn't been watered in days is probably dying.",/ˈdaɪɪŋ/
easier,"The adjective easy can describe anything that comes without too much effort, like your 
baseball team's easy win, or your dad's easy recipe for nachos.",ˈiːzɪə(r)
emergency,"When there's an emergency, the stakes are high and you may need to act quickly. There's a tornado! 
Someone's collapsed! The cat's stuck in a tree! It's an emergency! Call 911!",/ɪˈmɜː(r)dʒ(ə)nsi/
empty,"If you're an optimist, you're happy that your glass is still half full. If 
you're a pessimist, you can't help but notice that 50% of your glass is now empty — that is, it contains nothing.",/ˈempti/
enemy,"An enemy is a hostile opponent, like your sworn Scrabble enemy who vows to get revenge on your last triple word score.",/ˈenəmi/
engaged,"Engaged means fully occupied or having your full attention. An engaged reader really focuses on the words and maybe even jots down questions or 
comments in the pages' margins.",/ɪnˈɡeɪdʒd/
English,"Things pertaining to the land or culture of England are referred to as 
being English. This includes the people of England as well as the language spoken there, 
which was brought to the American colonies by the English explorers.",/ˈɪŋɡlɪʃ/
escape,"To escape is to break free, to get out of a situation you don’t want to be in. It’s 
also a noun, as in an escape from a dull party that might involve a ladder and an upstairs window.",/ɪˈskeɪp/
eventually,"Eventually refers to an unspecific time when something will be completed, and it 
usually suggests it won't be done soon.",/ɪˈventʃuəli/
everywhere,"The adverb everywhere means in all possible places. If you take your phone with you everywhere you go, it means you have it with you in all the places you travel.",/ˈevriˌweə(r)/
excellent,"Something excellent is very good, great, or high quality: this is one of the best compliments 
around.",/ˈeksələnt/
excited,"If you're excited you're enthusiastic and animated, like a kid in a candy store. Or a kid on 
their birthday. Or a kid on the last day of school.",/ɪkˈsaɪtɪd/
exciting,"When something is exciting, it is full of activity and gets your blood pumping. Anything causing 
excitement is exciting.",/ɪkˈsaɪtɪŋ/
expected,"Something expected is likely to happen: it's probable. During winter, snow is expected.",/ɪkˈspektɪd/
expecting,"If you expect something, you think it’s going to happen. If you got up at 4 in the 
morning, you can expect to fall asleep earlier than usual tonight.",ɪkˈspektɪŋ
experience,"If you experience something, you go through an unusual or exciting event. If you're experiencing the world's loopiest roller coaster, you'd better hope that the amusement 
park doesn't experience a power outage.",/ɪkˈspɪəriəns/
extra,"Something extra is more than you need or more than you usually have. It's never a bad idea 
to bake extra chocolate chip cookies.",/ˈekstrə/
faith,"When you have faith, you trust or believe in something very strongly. Some people have faith in a higher being, others put their faith behind the Red Sox.",/feɪθ/
fake,"You should have known that copy of the ""Declaration of Independence"" was a fake when you saw it was signed by ""Jon Hancrock"" instead of ""John Hancock."" 
Something that's fake isn't authentic.",/feɪk/
falling,Something that's falling is dropping or plummeting. Falling snow is drifting down from the sky to the ground.,ˈfɔːlɪŋ
familiar,"When something is so commonplace you know it well, it's familiar. A familiar song might be one that you hum along to without even thinking about it.",/fəˈmɪliə(r)/
famous,"Something famous is well known, usually because it's special or particularly good. 
Celebrities, historic paintings, and the best burger in town could all be 
described as famous.",/ˈfeɪməs/
fan,"A fan cools you by moving the air around you. During the warmest weeks of the 
summer, it's easier to sleep if you have a fan in your bedroom.",/fæn/
fat,"Fat is a form of body tissue on animals. It’s a squishy layer that stores 
energy and protects organs. Fat is also an adjective meaning chubby or thick, as in a fat piglet or a fat wallet full of money.",/fæt/
father,"The verb father means to make children. If your dog, Tramp, fathers three puppies with the neighbor's dog, Lady, he is their father.",/ˈfɑːðə(r)/
favorite,"Your favorite is what you like best. Your room is probably painted your favorite color, and the folders you carry to school are probably that color too.",/ˈfeɪv(ə)rət/
fear,"Does the sight of a snake fill you with panic and the desire to run away as 
quickly as possible? If so, you have a fear of snakes.",/fɪə(r)/
feed,"To feed someone is to give them something to eat. Part of your daily morning 
routine might be remembering to feed your cat.",/fiːd/
field,"This word has many meanings — such as a field of daffodils, a field of study, or a field of battle in a war. Think of a field as an area, either physically or subject-wise.",/fiːld/
file,"To file is to submit an application or a record to some official authority, like a 
court, police station, or city hall. You might file a complaint against your neighbor after he shovels the snow from his 
driveway into yours.",/faɪl/
fill,"When you fill something, you add to it until it's full, or has enough. When your car's 
almost out of gas, you have to fill the tank at a gas station.",/fɪl/
film,"A film, also known as a ""movie"" or a ""motion picture,"" is a series of moving 
images shown on a screen, usually with sound, that make up a story. Some 
people like to see new films at the theater as soon as they're released.",/fɪlm/
final,"Use the word final when something is over and done with. If you pester your parents too much, 
they may say, ""You aren't going out and that's final!"" End of discussion.",/ˈfaɪn(ə)l/
finding,"A finding is a discovery, especially by scholars or scientists. Finding is the act of researching or analyzing something. If the dog digs up the 
hamster grave in the backyard, better not to share his finding with the neighbors.",ˈfaɪndɪŋ
finds,"To find something means to discover it. When you're strolling through a green 
field, you might try to find a four-leaf clover.",faɪndz
finger,"Your fingers are the four digits on each of your hands—or five if you include your 
thumb. We use our fingers for holding things, scratching, snapping, finger painting, and much more.",/ˈfɪŋɡə(r)/
fish,"A fish is a cold-blooded aquatic vertebrate with scales and gills, like a shark, 
a trout, or a pike. To fish is to try to catch a fish.",/fɪʃ/
fit,"""Don't have a fit about it!"" someone might snap at you. Chances are you're making a fuss and 
acting out, characteristics that precisely fit or match what having a fit involves. Chill out.",/fɪt/
flight,"When a bird soars through the sky powered by its wings, that's flight, the process of traveling through the air.",/flaɪt/
flowers,"If someone tells you they think you'll flower when you go to college, they don't mean they think you'll grow blossoms on 
your head, but that you'll really come into your own and find your 
potential.",ˈflaʊəz
fly,"Fly describes moving through the air, like birds that fly in the sky, or getting something accepted, like your silly excuse that's 
not going to fly with your history teacher.",/flaɪ/
flying,"The act of soaring through the air is flying. You can also use this word to describe anything that's soaring through 
the air, like a flying squirrel or flying insects.",/ˈflaɪɪŋ/
focus,"Focus is something that camera lenses and sleepy students are always being asked 
to do. For cameras, it means finding a point where the subject is clear or 
""in focus."" For students, it means paying attention.",/ˈfəʊkəs/
followed,"Do you know when orange is the new black? When pleats are in style? Then 
you must follow fashion — you observe it closely. Follow can also mean you trail along 
behind someone. You might follow your brother to school.",ˈfɒləʊd
following,"Following means ""coming immediately after,"" as in: ""My birthday was Monday. The 
following day, I returned the following gifts: a purple cowboy hat, a 
stuffed aardvark, and huge rubber duckie.""",/ˈfɒləʊɪŋ/
fool,"In the Middle Ages, a fool was a clown or jester. Today, fools are simply silly people who clown around or lack common sense.",/fuːl/
foot,"Your foot is like your leg's hand, and a foot is twelve inches. When you walk, you go by foot.",/fʊt/
forgotten,"Something that's forgotten isn't remembered or considered. Your forgotten mail might sit in the mailbox all weekend, if you simply don't think about 
it.",/fə(r)ˈɡɒt(ə)n/
form,"The way something (or someone) is shaped or arranged is its form. You might use it to describe the way a person looks walking in the woods 
at dusk by saying, ""Her form was almost lost between the shadowy trees.""",/fɔː(r)m/
forty,"Whether you call it 40 or XL, you're talking about forty: the number between thirty-nine and forty-one.",/ˈfɔː(r)ti/
forward,"Forward is the direction ahead of you, or toward the front of something. It can 
also be a position on a basketball, soccer, or hockey team.",/ˈfɔː(r)wə(r)d/
freak,"Freak is a not-so-nice noun that refers to either a person who expresses such an 
intense obsession with something that it resembles addiction, or a person 
or animal that is monstrous and deformed.",/friːk/
French,"Anything French has to do with the country, people, culture, or language of France. The 
new French exchange student at your school will probably speak English with a French accent.",/frentʃ/
fresh,"Fresh describes things that are new or energetic, like fresh bread from the oven and fresh music from a recording artist. Moldy bread and grandpa's polkas? Not so fresh.",/freʃ/
funeral,"A funeral is a ceremony to bury or cremate the dead. If you go to a funeral, wear black and try not to seem like you're having fun.",/ˈfjuːn(ə)rəl/
further,"If you ask your parents for money, they might say they need to think about 
it further and then ask you lots of questions. Further refers to figurative distance, like a thought you need more time on.",/ˈfɜː(r)ðə(r)/
gas,"Matter can be found in solid, liquid, or gas form. The air you breathe in and the carbon dioxide you breathe out, are 
both examples of gas.",/ɡæs/
gay,"Gay is a word with many meanings. A gay person is homosexual, but if we describe something like a scene or a party 
as gay, that means it's bright, merry, and happy.",/ɡeɪ/
general,"If I ask you to give me a general sense of how a car works, I'm looking for you to describe the two or three 
main principals in a few minutes, not to open the hood, take apart your 
engine, and tell me everything you know.",/ˈdʒen(ə)rəl/
god,"A god is a supreme being or deity, and it's spelled with a lowercase g when you're not referring to the God of Christian, Jewish, or Muslim tradition. The ancient Greeks had many gods — including Zeus, Apollo, and Poseidon.",/ɡɒd/
gold,"Gold is a relatively soft, shiny precious metal. Many kinds of jewelry, 
including necklaces, bangles, and wedding rings are traditionally made of gold.",/ɡəʊld/
goodbye,"Goodbye is a parting word, something you say to other people when you're leaving. 
You might say goodbye to all your favorite teachers on your last day of high school.",/ˌɡʊdˈbaɪ/
gorgeous,"Reach for the adjective gorgeous to describe jaw-droppingly beautiful, magnificent people or things.",/ˈɡɔː(r)dʒəs/
government,"Your government is the system of people, laws, and officials that define and control the 
country that you live in. The U.S. government, for example, is a representative democracy with three branches.",/ˈɡʌvə(r)nmənt/
grab,"When you grab something, you clutch at it. When a party-goer breaks open a piñata, the 
other guests usually grab wildly at the candy that cascades out of it.",/ɡræb/
grade,"Grade means ""to evaluate or rank,"" like teachers who grade their students or a food inspector who grades a crop, determining whether it is ""food-grade.""",/ɡreɪd/
grand,"Something that's grand is large and impressive. A fancy, catered birthday party with a guest list 
of hundreds could be described as grand.",/ɡrænd/
grandfather,"Your grandfather is the father of one of your parents. If your grandfather is quite old and has dozens of grandchildren, it might be hard for him to 
remember your birthday every year.",/ˈɡræn(d)ˌfɑːðə(r)/
grandma,"Your grandma is either your mom's mom or your dad's mom. Some people call their grandma ""Granny"" or ""Nana"" or ""Oma.""",/ˈɡræn(d)ˌmɑː/
grateful,"A person who is grateful feels or shows gratitude. If your neighbor brings you soup when you're 
sick, you'll be very grateful (unless you hate soup).",/ˈɡreɪtf(ə)l/
greedy,"Being greedy means you want more and more of something, especially money. But you can 
be greedy for just about anything, including food, drink, or fame.",/ˈɡriːdi/
green,"Green is a color on the spectrum between blue and yellow, or made by mixing 
those colors. You might love the brilliant color of the green grass in the spring time.",/ɡriːn/
ground,"Ground is the surface of the earth under your feet. Whether you're walking on the 
beach or climbing a hill, you're standing on the ground.",/ɡraʊnd/
group,"A group is an organization of people or things, like a reading group at a public library that holds book discussions every month.",/ɡruːp/
growing,"A growing thing (or person) is in the process of developing, often by getting 
bigger. You can argue for a second helping of cake by saying, ""I'm a growing kid!""",/ˈɡrəʊɪŋ/
guard,"A person who protects something is called a guard. You might see a security guard at the mall, a crossing guard on the street outside a school, or a palace guard at Buckingham Palace.",/ɡɑː(r)d/
guest,"If you invite a friend to your home, she is your guest. You might announce to your parents that you've invited seven guests for Thanksgiving.",/ɡest/
guilty,"Someone guilty has done something wrong or illegal. And when you do something wrong, you 
feel guilty — bad or sorry — about it.",/ˈɡɪlti/
guy,"A guy is a dude, a boy, a man, or really anybody. It's an informal way to refer 
to a person, especially a male. But a group of people can be guys, even if they’re all female.",/ɡaɪ/
hello,"Hello! Hi! How are you doing? Hello is a salutation or greeting commonly used to begin conversations or 
telephone calls.",/həˈləʊ/
monster,"Monsters are imaginary scary creatures that lurk in dark places and horror movies. 
If it's got 3 heads, shark teeth and lives under your bed, then it's 
probably a monster.",/ˈmɒnstə(r)/
month,"A year is divided into twelve months, starting with January and ending with December. If it takes you a month to read a book, it takes approximately thirty days.",/mʌnθ/
mood,"Are you feeling good or bad, cheerful or irritable right now? This is your mood.",/muːd/
moon,"Werewolves love to howl at a full moon. The moon is our planet’s satellite, and it rotates around the earth and reflects 
light from the sun. Also, “to moon” means to show your rear. The moon is out! Giggle giggle.",/muːn/
mother,A mother is a female parent: mothers nurture and mother children. It's also a term for an elderly woman or mother superior.,/ˈmʌðə(r)/
movies,"A movie is a film that you watch at a theater or at home on your TV, laptop, or 
tablet. Movie is short for ""moving picture,"" which was pretty exciting in the late 1800s.",ˈmuːvɪz
naked,"If you have no clothes on, you're naked. Likewise, things that are uncovered or unhidden, like a bare tree, are 
also naked.",/ˈneɪkɪd/
named,"Your name is what you are called: Bill or Jennifer or whatever. Parents name their children, and children name their pets.",ˈneɪmd
natural,"Natural describes something that comes from nature, rather than being man-made. 
Your healthy friend who only eats natural food will probably choose carrots instead of potato chips for a snack.",/ˈnætʃ(ə)rəl/
necessary,"Everyone can agree that certain things are necessary for survival: food, water, shelter. Some people might add chocolate to 
that list. Necessary refers to anything you can't do without.",/ˈnesəs(ə)ri/
nervous,"You know that queasy, uneasy feeling you get before a test? That's a nervous feeling. Everyone gets nervous sometimes.",/ˈnɜː(r)vəs/
nightmare,"If you wake with a start after a terrifying dream, you've had a nightmare.",/ˈnaɪtˌmeə(r)/
nobody,"Use the word nobody to mean ""no one,"" or for someone who's completely unimportant or 
insignificant. It's not nice to call someone a nobody; everyone wants to be a somebody.",/ˈnəʊbɒdi/
note,"A note is a very short piece of writing. You might write a note to your sister on the back of your grocery list, or jot down a quick note reminding yourself to call your grandmother later.",/nəʊt/
nothing,"When we say nothing, we mean ""aught,"" ""zero,"" ""a big goose egg,"" ""nada,"" ""nil,"" ""zilch,"" or 
""zippo,"" in other words, ""of little or no quantity.""",/ˈnʌθɪŋ/
notice,"The word notice has to do with paying attention to something. For example, you usually notice a flashing light, and an overdue bill might come with the word ""NOTICE"" written on it to make sure you see it.",/ˈnəʊtɪs/
nowhere,"If you're going nowhere, you have no particular destination — nowhere isn't any place at at all.",/ˈnəʊweə(r)/
nurse,"A nurse is a trained healthcare worker who takes care of sick people. To nurse is to take care of, like if you nurse a baby bird back to health.",/nɜː(r)s/
obvious,"Something obvious is plain to see and easily understandable. It was obvious that you didn't enjoy your meal because I found it rolled in a napkin and 
shoved under the rug.",/ˈɒbviəs/
officer,"An officer is someone who works for a police force or has a high position in the 
military. Police officers in some towns and cities patrol on bikes, or occasionally even on 
horseback.",/ˈɒfɪsə(r)/
often,"Often means ""frequently,"" like if you see your friends every day, you see each 
other often.",/ˈɒf(ə)n/
older,"An older person is a senior citizen or someone who's been around long enough that 
they're not considered ""young."" If you want to check out some older people, take part in the early bird special at your local diner.",ˈəʊldə(r)
ones,"One refers to a single person or thing, as well as the number one. If you’re looking for a whole number between zero and two, you can only 
find one.",wʌnz
opening,"An opening is an empty space. That opening in the back of your closet might lead to a secret room. A job opening, on the other hand, is an available job that could open you up to an 
entirely new career.",/ˈəʊp(ə)nɪŋ/
opinion,"An opinion is a belief or attitude about something that isn't necessarily based on 
facts. It's your opinion that dogs make better pets than cats, but your sister thinks that cats are 
superior. Too bad your parents' opinion is that pets are too expensive.",/əˈpɪnjən/
opportunity,"Seize the noun, opportunity, if you're talking about circumstances that allow you do to something you'd 
like to do. Wouldn't you love to have the opportunity to meet your favorite musician?",/ˌɒpə(r)ˈtjuːnəti/
orders,"Order is the formal arrangement of things — putting that pile of paper on your 
desk into neat stacks of bills, papers, letters, to-do lists and napkin 
poems.",ˈɔːdəz
others,"Use the adjective other to distinguish something as being different or distinct. You might ask 
your friend if she's coming to the movies with you, or if she has other plans.",ˈʌðəz
pack,"A pack is a container of something, especially one made of sturdy paper. You 
might run to the store for a pack of batteries for your new clock and a pack of crayons for your new coloring book.",/pæk/
page,"A page is one sheet of a book, magazine, or other collection of papers. You can 
read a page in a children's picture book much faster than a page of War and Peace.",/peɪdʒ/
paid,"Something that's paid is done in exchange for money, or happens while you're receiving pay. For 
example, your job might offer paid vacation, when you get your usual pay but don't have to work.",/peɪd/
paint,"Paint is a liquid, colored substance you can use to decorate or protect a 
surface. If you want your bedroom walls to be bright purple, you need to 
buy some purple paint.",/peɪnt/
pal,"A pal is a good friend. When you're feeling nervous, sad, or lonely after moving 
to a new town, it can make you feel better to talk to a pal.",/pæl/
pants,"In the UK, pants are women's undergarments. You might also call pants ""knickers"" or ""underwear.""",/pænts/
pardon,"If you belch, interrupt a conversation, or leave the table during dinner, 
you’re expected to say “Pardon me.” Once you’ve requested your companions’ pardon, or forgiveness, you can assume you have it; you don’t need to wait for 
their response.",/ˈpɑː(r)d(ə)n/
park,"A park is an outdoor green space that people use for recreation. People can also park a car, which is to pull into a parking space and stop. Just don’t park your car in a park. Unless you’re a squirrel.",/pɑː(r)k/
partner,"If you open a lemonade stand with your brother, then your brother is your 
business partner.",/ˈpɑː(r)tnə(r)/
passed,"A document that lets you go somewhere or do something is a pass. You can have a backstage pass at a concert, a three-day pass from a military base, or a hall pass for using the restroom during class.",pɑːst
passion,"Passion is a strong emotion, usually related to love or anger. If on your first 
time out together your date falls on their knees and tells you they'd die 
for you — they're gripped by passion (or maybe just nuts).",/ˈpæʃ(ə)n/
pathetic,"Something pathetic inspires pity and contempt. If your backhand is pathetic, you probably shouldn't try out for the tennis team.",/pəˈθetɪk/
patient,"You are patient if you don't get frustrated or annoyed when you have to wait or deal with 
difficulties. The band director may show patient leadership, but a football coach uses other methods with his team.",/ˈpeɪʃ(ə)nt/
peace,"Peace is a stress-free state of security and calmness that comes when there’s no 
fighting or war, everything coexisting in perfect harmony and freedom.",/piːs/
percent,"A percent is part of something, split into a hundred pieces. For example, fifty percent of forty is twenty.",pəˈsent
perfect,"Something that is perfect is complete and without defect or blemish. It might also be precisely 
accurate or exact.",/ˈpɜː(r)fɪkt/ /ˈpɜː(r)fekt/
personally,"When you do something personally, you do it yourself. If you promise you'll personally sell Girl Scout cookies to your neighbors, you can't just put flyers in 
their mailboxes or make your brother knock on their doors.",/ˈpɜː(r)s(ə)nəli/
picked,"When you pick something, you choose it, the way you pick apples in the fall or when you pick a partner to work with in biology class. But if you pick on someone, you bug them in a mean way.",pɪkt
pictures,"Use the verb picture if you want people to imagine something vividly in their minds. If your 
story about your principal and some chickens is descriptive enough, your 
friends can picture the whole incident.",ˈpɪktʃəz
places,"A place is a position, an area, a spot, or a space. Texas is a place in the United States, and your seat at dinner is your place at the table.",ˈpleɪsɪz
plane,"A plane is a vehicle that flies through the air, but it is also a tool used to 
make something smooth and flat, a kind of tree or a level surface. As a 
verb, to plane something is to make it flat and smooth.",/pleɪn/
planet,"A planet is a celestial body that revolves around a star. In our solar system, 
Earth is the third planet from the sun.",/ˈplænɪt/
planning,"You can use the noun planning to talk about the process of making a plan. Your elaborate tree house 
project will require hours of planning before you hammer a single nail into a piece of wood.",/ˈplænɪŋ/
pleasure,"Pleasure is a general term for good feelings. People get pleasure from eating, sleeping, watching TV, or anything else they enjoy.",/ˈpleʒə(r)/
plenty,"If you've eaten your fill at a big meal, you know by your full stomach that 
you have had plenty. In fact, if you had more than plenty, you might even get the feeling you've had too much!",/ˈplenti/
plus,"A plus is an “advantage” or an “asset.” You might look silly walking around with 
flippers all day, but if you lived underwater, they would definitely be a plus.",/plʌs/
pool,"A pool is a small body of water, like the tide pools that form on rocky beaches at low tide, or the town pool where you take swimming lessons.",/puːl/
position,"A position is the point where something is located, as on a map, or the posture it's 
arranged in, such as an ""upright position.""",/pəˈzɪʃ(ə)n/
positive,"In the simplest sense, positive means good — or the opposite of negative. If you have a positive attitude about homework, for example, you're more likely to get positive feedback on your report card.",/ˈpɒzətɪv/
post,"Another word for your job is your post. It's also the delivery of letters and packages, as in the Postal Service.",/pəʊst/
powerful,"Something that's powerful displays, well, power. Your neighbor who just finished training to be a 
fireman probably looks much more powerful than he used to.",/ˈpaʊə(r)f(ə)l/
powers,"Someone with power has physical strength or they're in control of things. So a weakling who's 
in charge of a business still has a lot of power.",ˈpaʊəz
practically,"Practically means ""nearly,"" like being practically broke if you have three dollars left in the whole world. It also means 
""done in a practical way"" — if you wear sneakers on a long walk, you’re 
dressed practically.",/ˈpræktɪkli/
practice,"Practice can be a noun or a verb, but either way it's about how things are done on 
a regular basis. You can practice shotput every day because your town has a practice of supporting track-and-field events.",/ˈpræktɪs/
precious,"To call something precious is to describe it as highly valued. Think of a gemstone when you call your 
baby sister precious.",/ˈpreʃəs/
press,"To press something is to push it, like if you press an elevator button or press your friend to tell you a secret. If you get that secret, don’t leak it to 
the press, which is another word for news media.",/pres/
pressure,"You feel pressure when something presses on you –- whether a physical force or a stressful 
situation. If you don't crack under the pressure of witnessing the accident, you will calmly apply pressure on the driver's wound until help arrives.",/ˈpreʃə(r)/
pretend,"To pretend is to act as if you're someone else. If you pretend to be your mother for a phone conference with your math teacher, try 
putting on her high heels to help you get into character.",/prɪˈtend/
princess,"A princess is the daughter of a king or queen, or the wife of a prince. Some children 
like to have princess parties because they get to wear fancy dresses, tiaras, and little plastic 
high heels.",/ˌprɪnˈses/
professional,"When an athlete ""goes pro,"" she goes professional–-she is paid for her service rather than doing it on an amateur basis. 
Other professionals, including doctors and lawyers, are also paid for their work, which, we 
hope, they conduct in a professional manner.",/prəˈfeʃ(ə)nəl/
professor,"A professor is someone who teaches at a college or university. Professor is officially a teacher of the highest rank, above adjuncts and lecturers, 
but college students can call them all professor.",/prəˈfesə(r)/
project,"A project is a piece of work that is planned or intended. Plan a little extra time 
for your gingerbread house project — gluing the walls and roof can take a while.",/ˈprɒdʒekt/ /ˈprəʊdʒekt/
promised,"A promise is an agreement to do or not do something. Also, when you have potential, 
you show promise.",ˈprɒmɪst
proof,"Proof is the evidence that shows something is true or valid. When you show the 
logical steps that take you from your hypothesis that the world is round to 
the conclusion that it is, you're formulating a proof.",/pruːf/
public,"Something that affects the entire community — whether it's your town, your 
country, or the world — is public. Climate change, for example, is a public concern, as is finding a clean public bathroom.",/ˈpʌblɪk/
pulled,"To pull is to use force to drag or yank something toward you. You might pull a rolling suitcase as you run to catch your train, for example.",pʊld
purpose,"When you do something with purpose, you do it with determination. When your activities have a purpose, you have an aim or intention in mind.",/ˈpɜː(r)pəs/
push,"When you push, you use force to make something move, usually by giving it a shove. You 
might push a cafe door open or push someone around to get your way. Bully!",/pʊʃ/
pushed,"When you push, you use force to make something move, usually by giving it a shove. You 
might push a cafe door open or push someone around to get your way. Bully!",/pʊʃt/
queen,"In a monarchy, a queen is the female ruler of the country. Whether you are the Queen of England or the queen of a honey bee colony, you are the female in charge.",/kwiːn/
quick,"If you are quick, you move with speed. You may be a quick runner or ""a quick study"" — if you tend to learn things quickly.",/kwɪk/
quickly,"When you do something quickly, you do it really fast — like when you quickly eat breakfast so you won’t be late to school.",/ˈkwɪkli/
quit,To quit means to stop doing something. You might quit a lousy job or quit eating dessert.,/kwɪt/
radio,"Radio is a way of transmitting sound using electromagnetic waves called radio waves. Nowadays, people usually only listen to the radio as they drive, but — before television — radio provided prime-time entertainment.",/ˈreɪdiəʊ/
raise,"If you raise your hand, you put it up in the air. If you raise your daughter, you “bring her up” from childhood to adulthood. And, if you raise the roof, you and a crowd of people cheer wildly for a performer.",/reɪz/
regret,"To regret something is to wish it had never happened. Wish you hadn't reached for 
that fourth piece of chocolate cake? You regret it.",/rɪˈɡret/
responsible,"If you're the responsible one, everyone is depending on you to take care of it. And, if things go 
poorly, it's all your fault.",/rɪˈspɒnsəb(ə)l/
restaurant,"A restaurant is a place — usually inside a building — where you go to eat food, which, 
most of the time, you must pay for.",/ˈrest(ə)rɒnt/
return,"When you return, you go back somewhere after being away. If you haven't been to Disney 
World since your fifth birthday, it might be fun to return when you're older.",/rɪˈtɜː(r)n/
rights,"Right is a direction, the opposite of left. Most people are right-handed. Right is also correct: the opposite of wrong.",raɪts
roll,"When something moves by rotating or spinning, it rolls. If your dog is smart enough, you can train her to roll a ball back to you after you roll it to her.",/rəʊl/
ruined,"Something that's ruined is spoiled, wrecked, or destroyed. A ruined party can result from your obnoxious brother annoying all the friends you 
invited.",/ˈruːɪnd/
rule,"A rule is a regulation or direction for doing some particular activity. If you 
have a ""no shoes"" rule at your house, it means everyone has to take them off at the door.",/ruːl/
sad,"When you're sad, you feel unhappy. If you've ever experienced the death of a pet you loved 
deeply, you know exactly what it means to feel sad.",/sæd/
schedule,"A schedule is a plan of things to be done and the time when they will be done. It is 
the thing you write down in your planner. If you're a student, you probably 
have your class schedule memorized within the first few weeks of school.",/ˈʃedjuːl/
seat,"Something you can sit on, especially if it's a bench, stool, sofa, or 
chair, is a seat. Most bicycles have one seat, while many motorcycles have two seats.",/siːt/
secrets,"A secret is something you don’t want everybody to know, like your secret crush on the bus driver. A secret can also be a mystery known to only a few — the secret of the lost pyramid.",ˈsiːkrɪts
security,"Security means safety, as well as the measures taken to be safe or protected. In 
order to provide adequate security for the parade, town officials often hire extra guards.",/sɪˈkjʊərəti/
seemed,"Seem means ""to give a certain impression,"" usually by physical appearance like 
your messy hair and wrinkled clothing that made it seem like you just rolled out of bed.",siːmd
seriously,"When you do something seriously, you do it earnestly or thoughtfully. If you seriously consider walking the Appalachian Trail, it means that you put real effort 
and thought into contemplating such a trip.",/ˈsɪəriəsli/
shed,"The small, simple building in your yard where you keep tools or gardening 
equipment is a shed.",/ʃed/
shows,"Remember show and tell? To show something is to display something, to share it, or to put on a little show about it.",ʃəʊzʃoːs
single,"If something is totally alone, or consists of only one part, it's single, like a single sock in your clean laundry basket that's mysteriously lost its mate.",/ˈsɪŋɡ(ə)l/
sisters,"Your sister is your female sibling. If your parents have six children, and all of them 
are girls, that means you have five sisters.",ˈsɪstəz
slept,"If you're tired, you probably need to sleep so lie down and close your eyes. When you wake up, you'll feel much better.",slept
someday,"The adverb someday means eventually or at some point in the future. So if you plan to visit 
Sri Lanka someday, you'd like to do it but you don't know exactly when it will happen.",/ˈsʌmˌdeɪ/
song,"Feeling happy? Feeling sad? Sing a song! A song is poetry set to music, and there’s a song for every occasion, from “Happy Birthday” to “Here Comes the Bride.” Tra 
la la!",/sɒŋ/
speaking,"Speaking is what we do when we talk to each other, either out loud or through sign 
language. Many classrooms have a rule that speaking is not allowed during quizzes and exams.",/spiːkɪŋ/
spirit,"If someone tells you you have a sagging spirit, that means your life-force seems to be missing.",/ˈspɪrɪt/
stars,"A star twinkles in the night sky. To put it more scientifically, it’s a celestial 
body of hot gases radiating energy. A star is also a person who dazzles — the star of the show or the star archaeologist.",stɑːz
starts,"The beginning of something is the start. The start of the movie may have been a little slow, but by the end you were on the 
edge of your seat.",stɑːts
states,"State can be a condition — like solid, liquid, or gas, or even sad or happy. It 
can also be a state as in Idaho or New York. To state is to say something.",steɪts
steal,"To steal is take something that isn't yours: thieves steal. But a bargain that's so good it's almost like you're getting away with 
robbery is also called a steal.",/stiːl/
store,"As the sentence ""This store stores a large store of rubber ducks"" will tell you, store is a word with a lot of definitions. Among these are ""a place that sells 
items,"" ""the act of keeping things for future use,"" and ""a supply of 
something.""",/stɔː(r)/
strange,"Anything that is unusual or out of the ordinary can be described as strange, like the strange sight of an ice cream truck pulling up in front of your school and your 
principal skipping over to it.",/streɪndʒ/
strength,"Strength is the property of being physically strong (you can do, say, 100 push-ups) 
or mentally strong (you can calculate percentages in your head while people 
are shouting at you).",/streŋθ/
suggest,"To suggest is to propose or hint. If you suggest going out for ice cream, nobody's going to object. If you suggest that your sister should get the frozen yogurt instead, she might think you 
are suggesting something about her weight.",/səˈdʒest/
suit,"Among many other meanings, a suit is a jacket and pants that match — formalwear for men. Suits are well-suited (appropriate) for some jobs and formal events, like a 
funeral.",/suːt/
summer,"Summer is the season after spring and before autumn. In the summer, the weather is warmer and many students get a break from school.",/ˈsʌmə(r)/
sun,"The sun is the star that our planet revolves around. You might enjoy sitting under 
the sun on a tropical beach — but be sure to put on plenty of sunscreen.",/sʌn/
system,"A system is a group of things that connect and form some kind of coherent whole. 
All the individual buses and the separate routes they take through your 
city are together called a bus system.",/ˈsɪstəm/
tea,"The drink that's made by soaking dried leaves in very hot water is called tea. On a hot summer day, many people like to drink iced tea.",/tiː/
teach,"To teach is to transfer ideas or skills to another person. As an old saying goes, 
""Give someone a fish, they eat for a day, teach someone to fish and they eat for a lifetime."" I hope they like seafood.",/tiːtʃ/
teacher,"If the guy down the street shows you how to play the guitar and helps you 
develop a masterful plucking style, then he's your guitar teacher.",/ˈtiːtʃə(r)/
tests,"If your boss tells you not to test her patience, she means don't push her today, because she might just snap.",tests
threat,"A threat is an impending danger that has the potential to cause serious harm — it 
just hasn't done so yet. In The Wizard of Oz, the huge tornado that spiraled across the Kansas countryside posed a threat to the little girl named Dorothy in its path.",/θret/
ticket,"A ticket is the slip of paper or card you need to be admitted to a movie theater, a 
museum, or an airplane. Your ticket proves that you've paid or been invited.",/ˈtɪkɪt/
tie,"A tie is a thin piece of cloth that's knotted around the neck, an accessory worn 
by men on formal occasions. You may wear a tie to graduation, a wedding, or if you're just trying to impress someone.",/taɪ/
total,"There are many meanings of total, but they all have something to do with completeness. A total is a whole or complete amount, and ""to total"" is to add numbers or to destroy something.",/ˈtəʊt(ə)l/
track,"If you document your study time and record all your exam scores, then you track your progress in school. In this case the verb track shows that you're following the path of something. The noun track can refer to a path of a more literal kind.",/træk/
treat,"If you've been working hard and living thriftily for months on end, give 
yourself a treat: take the night off and go out to dinner and a movie.",/triːt/
tree,"A tree is a large plant with a trunk, branches, and leaves. If you have an apple tree in your backyard, you'll have apples in the fall — and a nice shady place 
to sit in the summer.",/triː/
turns,"When you turn something, you rotate it or move it around an axis, the way you turn a key in a lock or turn a car's steering wheel.",tɜːnz
type,"A type is a specific category of things or people that have something in common. 
Your favorite type of candy might be dark chocolate, while your brother's favorite type is jelly beans.",/taɪp/
unfortunately,"Use unfortunately to describe an event that is unlucky or bad in some way. Unfortunately, life is full of chances to use this word.",/ʌnˈfɔː(r)tʃ(ə)nətli/
vampire,"Although traditionally used to refer to the bloodsucking undead, you can 
use the noun vampire to describe someone who heartlessly preys on others — a blackmailer, or 
anyone else who just sucks the life out of you.",/ˈvæmpaɪə(r)/
van,"A van is a roomy vehicle with a boxy shape that's useful for transporting extra 
people or extra stuff. If you're moving some furniture across town, your 
mom's van will come in handy.",/væn/
walked,"""Put one foot in front of the other, and soon you'll be walking out the door...."" That's right, putting your feet into motion is what you 
need to do to walk.",ˈwɔːkt
warn,"When you warn someone, you advise them to be careful or tell them about a problem or 
danger. If you perform a dangerous stunt, you should probably warn your audience, ""Don't try this at home.""",/wɔː(r)n/
warning,"A warning is a caution against something dangerous. When there's a shark warning at the beach, the lifeguards will order everyone out of the water.",/ˈwɔː(r)nɪŋ/
waste,"If waste is useless, then to waste is to fritter away. Don't waste time putting your waste paper in the waste basket, just chuck it in the recycling bin.",/weɪst/
willing,"If you're willing to do something, you're agreeable or ready. A willing participant in your play is someone who won't have to be coerced into 
taking part, but is happy to join you on stage.",/ˈwɪlɪŋ/
window,"A window is an opening in a wall that you can see through. Most windows are fitted with glass and can be opened to let air flow through them on a 
warm spring day.",/ˈwɪndəʊ/
witch,"A witch is a person with magical powers. Most towns have a spooky old woman with a 
lot of cats who all the neighborhood kids suspect of being a witch.",/wɪtʃ/
witness,"If you're walking down the street and see one car run a red light and plow 
into another, you are a witness to the accident. You saw it and can tell someone else how the accident 
happened.",/ˈwɪtnəs/
writing,"Writing is the act of putting pen to paper...or fingers to keyboard...or even 
thumbs to phone pad. Any time you record language in script, whether that's 
a tweet or the next great American novel, you're writing.",/ˈraɪtɪŋ/
